[
  {
    "name": "Ace",
    "affiliate_url": "https://referral.sweepsflow.com/?r=DSZ1Y3",
    "priority": 100,
    "category": "US,SWEEPS,TOP_PICK,KYC,INSTANT",
    "status": "approved",
    "level": 5,
    "date_added": 45995.75,
    "bonus_code": "",
    "bonus_description": "150% EXTRA COINS on first purchase",
    "icon_url": "https://www.google.com/s2/favicons?sz=256&domain=ace.com",
    "resolved_domain": "ace.com",
    "redemption_speed": "Pending",
    "redemption_minimum": "Pending",
    "redemption_type": "Pending",
    "__EMPTY": "",
    "__EMPTY_1": ""
  },
  {
    "name": "AmericanLuck",
    "affiliate_url": "https://americanluck.com/signup/43693781-4eee-4b46-b25c-59017259d77c",
    "priority": 100,
    "category": "US,SWEEPS,TOP_PICK,KYC,INSTANT",
    "status": "approved",
    "level": 5,
    "date_added": 45951.791666666664,
    "bonus_code": "",
    "bonus_description": "â¡ US sweeps leader: clear signup promos, structured flows, beginnerâfriendly.",
    "icon_url": "https://www.google.com/s2/favicons?sz=256&domain=americanluck.com",
    "resolved_domain": "americanluck.com",
    "redemption_speed": "Pending",
    "redemption_minimum": "Pending",
    "redemption_type": "Pending",
    "__EMPTY": "",
    "__EMPTY_1": ""
  },
  {
    "name": "BaBa",
    "affiliate_url": "https://baba.gamblecodez.com",
    "priority": 75,
    "category": "US,SWEEPS",
    "status": "approved",
    "level": 3,
    "date_added": 45580.791666666664,
    "bonus_code": "",
    "bonus_description": "Clean signup flow, curated offers, steady bonus drops â GambleCodez verified.",
    "icon_url": "https://www.google.com/s2/favicons?sz=256&domain=play.babacasino.com",
    "resolved_domain": "play.babacasino.com",
    "redemption_speed": "Pending",
    "redemption_minimum": "Pending",
    "redemption_type": "Pending",
    "__EMPTY": "",
    "__EMPTY_1": ""
  },
  {
    "name": "BCH.GAMES",
    "affiliate_url": "https://bch.games/play/GambleCodez",
    "priority": 75,
    "category": "NONUS,CRYPTO,FAUCET,INSTANT",
    "status": "approved",
    "level": 3,
    "date_added": 45580.791666666664,
    "bonus_code": "",
    "bonus_description": "Crypto faucet top pick: free claims + casino play.",
    "icon_url": "https://www.google.com/s2/favicons?sz=256&domain=bch.games",
    "resolved_domain": "bch.games",
    "redemption_speed": "Instant",
    "redemption_minimum": "<1",
    "redemption_type": "Crypto",
    "__EMPTY": "",
    "__EMPTY_1": ""
  },
  {
    "name": "Betbolt",
    "affiliate_url": "https://betbolt.com/?r=SJICBK",
    "priority": 75,
    "category": "NONUS,CRYPTO,INSTANT",
    "status": "approved",
    "level": 3,
    "date_added": 45580.791666666664,
    "bonus_code": "",
    "bonus_description": "NoâKYC access, routine promos.",
    "icon_url": "https://www.google.com/s2/favicons?sz=256&domain=betbolt.com",
    "resolved_domain": "betbolt.com",
    "redemption_speed": "Instant",
    "redemption_minimum": "<1",
    "redemption_type": "Crypto",
    "__EMPTY": "",
    "__EMPTY_1": ""
  },
  {
    "name": "Bitsler.com",
    "affiliate_url": "https://www.bitsler.com/?ref=thetylo88",
    "priority": 75,
    "category": "NONUS,CRYPTO,INSTANT",
    "status": "approved",
    "level": 3,
    "date_added": 45580.791666666664,
    "bonus_code": "",
    "bonus_description": "Quick crypto play, social leaderboards.",
    "icon_url": "https://www.google.com/s2/favicons?sz=256&domain=bitsler.com",
    "resolved_domain": "bitsler.com",
    "redemption_speed": "Instant",
    "redemption_minimum": "<1",
    "redemption_type": "Crypto",
    "__EMPTY": "",
    "__EMPTY_1": ""
  },
  {
    "name": "Blockbet.gg",
    "affiliate_url": "https://www.blockbet.gg/share/v6/GambleCodez",
    "priority": 75,
    "category": "NONUS,CRYPTO,INSTANT",
    "status": "approved",
    "level": 3,
    "date_added": 45580.791666666664,
    "bonus_code": "",
    "bonus_description": "Crypto case openings, fast rails.",
    "icon_url": "https://www.google.com/s2/favicons?sz=256&domain=forbidden.blockbet.gg",
    "resolved_domain": "forbidden.blockbet.gg",
    "redemption_speed": "Instant",
    "redemption_minimum": "<1",
    "redemption_type": "Crypto",
    "__EMPTY": "",
    "__EMPTY_1": ""
  },
  {
    "name": "CSGOWIN",
    "affiliate_url": "https://csgowin.com/r/gamblecodez",
    "priority": 75,
    "category": "NONUS,CRYPTO,LOOTBOX,INSTANT",
    "status": "approved",
    "level": 3,
    "date_added": 45580.791666666664,
    "bonus_code": "",
    "bonus_description": "Lootbox platform, large case catalog.",
    "icon_url": "https://www.google.com/s2/favicons?sz=256&domain=csgowin.com",
    "resolved_domain": "csgowin.com",
    "redemption_speed": "Instant",
    "redemption_minimum": "<1",
    "redemption_type": "Crypto",
    "__EMPTY": "",
    "__EMPTY_1": ""
  },
  {
    "name": "Cases.gg",
    "affiliate_url": "https://cases.gg/r/GAMBLECODEZ",
    "priority": 75,
    "category": "NONUS,CRYPTO,LOOTBOX,INSTANT",
    "status": "approved",
    "level": 3,
    "date_added": 45580.791666666664,
    "bonus_code": "",
    "bonus_description": "Caseâopening hub, provably fair.",
    "icon_url": "https://www.google.com/s2/favicons?sz=256&domain=cases.gg",
    "resolved_domain": "cases.gg",
    "redemption_speed": "Instant",
    "redemption_minimum": "<1",
    "redemption_type": "Crypto",
    "__EMPTY": "",
    "__EMPTY_1": ""
  },
  {
    "name": "Chanced",
    "affiliate_url": "https://chanced.com/c/ev1h43",
    "priority": 75,
    "category": "US,SWEEPS,INSTANT,TOP_PICK,KYC",
    "status": "approved",
    "level": 3,
    "date_added": 45580.791666666664,
    "bonus_code": "",
    "bonus_description": "Instant sweeps: swift registration, frequent promos.",
    "icon_url": "https://www.google.com/s2/favicons?sz=256&domain=chanced.com",
    "resolved_domain": "chanced.com",
    "redemption_speed": "Instant",
    "redemption_minimum": 100,
    "redemption_type": "Debit",
    "__EMPTY": "",
    "__EMPTY_1": ""
  },
  {
    "name": "ChipNWin",
    "affiliate_url": "https://chipnwin.com/?earn=rxGdtRPO",
    "priority": 75,
    "category": "US,SWEEPS",
    "status": "approved",
    "level": 3,
    "date_added": 45580.791666666664,
    "bonus_code": "",
    "bonus_description": "Minimalist UI, microâpromos.",
    "icon_url": "https://www.google.com/s2/favicons?sz=256&domain=chipnwin.com",
    "resolved_domain": "chipnwin.com",
    "redemption_speed": "Pending",
    "redemption_minimum": "Pending",
    "redemption_type": "Pending",
    "__EMPTY": "",
    "__EMPTY_1": ""
  },
  {
    "name": "Chips.gg",
    "affiliate_url": "https://chips.gg/signup?r=gambacodez",
    "priority": 75,
    "category": "NONUS,CRYPTO,INSTANT",
    "status": "approved",
    "level": 3,
    "date_added": 45580.791666666664,
    "bonus_code": "",
    "bonus_description": "Cryptoâfirst casino, curated quickâplay catalog.",
    "icon_url": "https://www.google.com/s2/favicons?sz=256&domain=chips.gg",
    "resolved_domain": "chips.gg",
    "redemption_speed": "Instant",
    "redemption_minimum": "<1",
    "redemption_type": "Crypto",
    "__EMPTY": "",
    "__EMPTY_1": ""
  },
  {
    "name": "Clash.gg",
    "affiliate_url": "https://clash.gg/r/GAMBLECODEZ",
    "priority": 75,
    "category": "NONUS,CRYPTO,LOOTBOX,INSTANT",
    "status": "approved",
    "level": 3,
    "date_added": 45580.791666666664,
    "bonus_code": "",
    "bonus_description": "Lootbox gaming, active prize pools.",
    "icon_url": "https://www.google.com/s2/favicons?sz=256&domain=clash.gg",
    "resolved_domain": "clash.gg",
    "redemption_speed": "Instant",
    "redemption_minimum": "<1",
    "redemption_type": "Crypto",
    "__EMPTY": "",
    "__EMPTY_1": ""
  },
  {
    "name": "ClubsPoker",
    "affiliate_url": "https://play.clubs.poker/?referralCode=16288",
    "priority": 75,
    "category": "US,SWEEPS",
    "status": "approved",
    "level": 3,
    "date_added": 45580.791666666664,
    "bonus_code": "",
    "bonus_description": "Social poker sweeps: tournaments, steady flows.",
    "icon_url": "https://www.google.com/s2/favicons?sz=256&domain=play.clubs.poker",
    "resolved_domain": "play.clubs.poker",
    "redemption_speed": "Pending",
    "redemption_minimum": "Pending",
    "redemption_type": "Pending",
    "__EMPTY": "",
    "__EMPTY_1": ""
  },
  {
    "name": "Coinz",
    "affiliate_url": "https://referral.sweepsflow.com/?r=CDFHNB",
    "priority": 100,
    "category": "US,SWEEPS,CRYPTO,INSTANT,TOP_PICK,KYC",
    "status": "approved",
    "level": 5,
    "date_added": 45995.75,
    "bonus_code": "",
    "bonus_description": "US sweeps top pick: free entry, hyped promos.",
    "icon_url": "https://www.google.com/s2/favicons?sz=256&domain=coinz.us",
    "resolved_domain": "coinz.us",
    "redemption_speed": "Instant",
    "redemption_minimum": "Pending",
    "redemption_type": "Crypto",
    "__EMPTY": "",
    "__EMPTY_1": ""
  },
  {
    "name": "CrownCoinsCasino",
    "affiliate_url": "https://referral.sweepsflow.com/?r=787P2M",
    "priority": 100,
    "category": "US,SWEEPS,TOP_PICK,KYC,INSTANT",
    "status": "approved",
    "level": 5,
    "date_added": 45995.75,
    "bonus_code": "",
    "bonus_description": "ð¥ CrownCoinsCasino Top Pick: hyped promos, GambleCodez verified.",
    "icon_url": "https://www.google.com/s2/favicons?sz=256&domain=crowncoinscasino.com",
    "resolved_domain": "crowncoinscasino.com",
    "redemption_speed": "1 day",
    "redemption_minimum": 50,
    "redemption_type": "Debit",
    "__EMPTY": "",
    "__EMPTY_1": ""
  },
  {
    "name": "Dara",
    "affiliate_url": "https://daracasino.com/signup?refferalCode=IAwNH43lfT",
    "priority": 100,
    "category": "US,SWEEPS,TOP_PICK,KYC,INSTANT",
    "status": "approved",
    "level": 5,
    "date_added": 45951.791666666664,
    "bonus_code": "",
    "bonus_description": "Localized promos, frequent events.",
    "icon_url": "https://www.google.com/s2/favicons?sz=256&domain=daracasino.com",
    "resolved_domain": "daracasino.com",
    "redemption_speed": "Pending",
    "redemption_minimum": "Pending",
    "redemption_type": "Pending",
    "__EMPTY": "",
    "__EMPTY_1": ""
  },
  {
    "name": "Spindoo",
    "affiliate_url": "https://www.spindoo.us/?r=23729863",
    "priority": 100,
    "category": "US,SWEEPS,TOP_PICK,KYC,INSTANT",
    "status": "approved",
    "level": 5,
    "date_added": 45951.791666666664,
    "bonus_code": "",
    "bonus_description": "Reliable sweeps portal: signup incentives.",
    "icon_url": "https://www.google.com/s2/favicons?sz=256&domain=spindoo.us",
    "resolved_domain": "spindoo.us",
    "redemption_speed": "Pending",
    "redemption_minimum": "Pending",
    "redemption_type": "Pending",
    "__EMPTY": "",
    "__EMPTY_1": ""
  },
  {
    "name": "RichSweeps",
    "affiliate_url": "https://richsweeps.com/?ref=r_gamblecodez",
    "priority": 75,
    "category": "US,SWEEPS,INSTANT,TOP_PICK",
    "status": "approved",
    "level": 3,
    "date_added": 45580.791666666664,
    "bonus_code": "",
    "bonus_description": "Fastâclaim sweeps: VIP perks.",
    "icon_url": "https://www.google.com/s2/favicons?sz=256&domain=richsweeps.com",
    "resolved_domain": "richsweeps.com",
    "redemption_speed": "Instant",
    "redemption_minimum": 100,
    "redemption_type": "Debit",
    "__EMPTY": "",
    "__EMPTY_1": ""
  },
  {
    "name": "SpeedSweeps",
    "affiliate_url": "https://speed.gamblecodez.com",
    "priority": 75,
    "category": "US,SWEEPS,INSTANT,TOP_PICK",
    "status": "approved",
    "level": 5,
    "date_added": 45580.791666666664,
    "bonus_code": "",
    "bonus_description": "Speedâfocused sweeps: lowâlatency claims.",
    "icon_url": "https://www.google.com/s2/favicons?sz=256&domain=speedsweeps.com",
    "resolved_domain": "speedsweeps.com",
    "redemption_speed": "Instant",
    "redemption_minimum": 100,
    "redemption_type": "Debit",
    "__EMPTY": "",
    "__EMPTY_1": ""
  },
  {
    "name": "Legendz",
    "affiliate_url": "https://referral.sweepsflow.com/?r=SMG0G2",
    "priority": 100,
    "category": "US,SWEEPS,TOP_PICK,KYC,INSTANT",
    "status": "approved",
    "level": 5,
    "date_added": 45580.791666666664,
    "bonus_code": "",
    "bonus_description": "â¡ Instant sweeps redemptions â GambleCodez referral, daily SC wheel, blazing fast claims.",
    "icon_url": "https://www.google.com/s2/favicons?sz=256&domain=legendz.com",
    "resolved_domain": "legendz.com",
    "redemption_speed": "Instant",
    "redemption_minimum": 100,
    "redemption_type": "Debit",
    "__EMPTY": "",
    "__EMPTY_1": ""
  },
  {
    "name": "McLuck",
    "affiliate_url": "https://referral.sweepsflow.com/?r=W0H7JG",
    "priority": 100,
    "category": "US,SWEEPS,TOP_PICK,KYC,INSTANT",
    "status": "approved",
    "level": 5,
    "date_added": 45995.75,
    "bonus_code": "",
    "bonus_description": "150% extra coins on first purchase",
    "icon_url": "https://www.google.com/s2/favicons?sz=256&domain=sweepsflow.com",
    "resolved_domain": "sweepsflow.com",
    "redemption_speed": "Skrill <12h; Bank up to 3 days",
    "redemption_minimum": 50,
    "redemption_type": "Skrill",
    "__EMPTY": "Bank",
    "__EMPTY_1": ""
  },
{
  "name": "LuckyBird",
  "affiliate_url": "https://luckybird.io",
  "priority": 0,
  "category": "BLACKLIST",
  "status": "blacklisted",
  "level": 1,
  "date_added": 45995.75,
  "bonus_code": "",
  "bonus_description": "⚠️ Blacklisted: exit scam, unsafe balances.",
  "icon_url": "https://www.google.com/s2/favicons?sz=256&domain=luckybird.io",
  "resolved_domain": "luckybird.io",
  "redemption_speed": "Pending",
  "redemption_minimum": "Pending",
  "redemption_type": "Pending"
},
  {
    "name": "Runewager",
    "affiliate_url": "https://runewager.com/?r=GambleCodez",
    "priority": 100,
    "category": "US,NONUS,SWEEPS,CRYPTO,INSTANT,TOP_PICK",
    "status": "approved",
    "level": 5,
    "date_added": 45951.791666666664,
    "bonus_code": "",
    "bonus_description": "ð¥ GambleCodez TOP PICK: blazing fast redemptions, global access, giveaways.",
    "icon_url": "https://www.google.com/s2/favicons?sz=256&domain=runewager.com",
    "resolved_domain": "runewager.com",
    "redemption_speed": "Instant",
    "redemption_minimum": 10,
    "redemption_type": "Crypto",
    "__EMPTY": "",
    "__EMPTY_1": ""
  },
  {
    "name": "Jackbit",
    "affiliate_url": "https://jackbit.com/?r=GambleCodez",
    "priority": 100,
    "category": "NONUS,CRYPTO,INSTANT,TOP_PICK",
    "status": "approved",
    "level": 5,
    "date_added": 45984.75,
    "bonus_code": "",
    "bonus_description": "ð Crypto casino: 10âminute withdrawals, GambleCodez rakeback perks.",
    "icon_url": "https://www.google.com/s2/favicons?sz=256&domain=jackbit.co",
    "resolved_domain": "jackbit.co",
    "redemption_speed": "Instant",
    "redemption_minimum": "<1",
    "redemption_type": "Crypto",
    "__EMPTY": "",
    "__EMPTY_1": ""
  },
  {
    "name": "BitStarz",
    "affiliate_url": "https://bitstarz.com/?r=GambleCodez",
    "priority": 100,
    "category": "NONUS,CRYPTO,INSTANT,TOP_PICK",
    "status": "approved",
    "level": 5,
    "date_added": 45984.75,
    "bonus_code": "",
    "bonus_description": "â¡ Veteran crypto casino: under 10âminute payouts, GambleCodez verified.",
    "icon_url": "https://www.google.com/s2/favicons?sz=256&domain=bitstarz.com",
    "resolved_domain": "bitstarz.com",
    "redemption_speed": "Instant",
    "redemption_minimum": "<1",
    "redemption_type": "Crypto",
    "__EMPTY": "",
    "__EMPTY_1": ""
  },
  {
    "name": "Betpanda",
    "affiliate_url": "https://betpanda.com/?r=GambleCodez",
    "priority": 100,
    "category": "NONUS,CRYPTO,INSTANT",
    "status": "approved",
    "level": 5,
    "date_added": 45984.75,
    "bonus_code": "",
    "bonus_description": "Anonymous crypto play, instant ETH/BTC payouts.",
    "icon_url": "https://www.google.com/s2/favicons?sz=256&domain=betpanda.io",
    "resolved_domain": "betpanda.io",
    "redemption_speed": "Instant",
    "redemption_minimum": "<1",
    "redemption_type": "Crypto",
    "__EMPTY": "",
    "__EMPTY_1": ""
  },
  {
    "name": "CoinCasino",
    "affiliate_url": "https://coincasino.com/?r=GambleCodez",
    "priority": 100,
    "category": "NONUS,CRYPTO,INSTANT",
    "status": "approved",
    "level": 5,
    "date_added": 45984.75,
    "bonus_code": "",
    "bonus_description": "Fast crypto cashouts, sameâday wallet transfers.",
    "icon_url": "https://www.google.com/s2/favicons?sz=256&domain=coincasino.com",
    "resolved_domain": "coincasino.com",
    "redemption_speed": "Instant",
    "redemption_minimum": "<1",
    "redemption_type": "Crypto",
    "__EMPTY": "",
    "__EMPTY_1": ""
  },
  {
    "name": "Stake.com",
    "affiliate_url": "https://stake.com/?c=GambleCodez",
    "priority": 75,
    "category": "NONUS,CRYPTO,INSTANT",
    "status": "approved",
    "level": 3,
    "date_added": 45580.791666666664,
    "bonus_code": "",
    "bonus_description": "Premier crypto casino: ultraâfast withdrawals.",
    "icon_url": "https://www.google.com/s2/favicons?sz=256&domain=stake.com",
    "resolved_domain": "stake.com",
    "redemption_speed": "Instant",
    "redemption_minimum": "<1",
    "redemption_type": "Crypto",
    "__EMPTY": "",
    "__EMPTY_1": ""
  },
  {
    "name": "Stake.us",
    "affiliate_url": "https://stake.us/?c=thetylo88",
    "priority": 100,
    "category": "US,SWEEPS,CRYPTO,INSTANT,TOP_PICK,KYC",
    "status": "approved",
    "level": 5,
    "date_added": 45580.791666666664,
    "bonus_code": "",
    "bonus_description": "USâfocused crypto sweeps: strong promo calendars.",
    "icon_url": "https://www.google.com/s2/favicons?sz=256&domain=stake.us",
    "resolved_domain": "stake.us",
    "redemption_speed": "Instant",
    "redemption_minimum": 50,
    "redemption_type": "Crypto",
    "__EMPTY": "",
    "__EMPTY_1": ""
  },
  {
    "name": "SolPot",
    "affiliate_url": "https://solpot.com/r/Gcodez",
    "priority": 75,
    "category": "NONUS,CRYPTO,INSTANT",
    "status": "approved",
    "level": 3,
    "date_added": 45580.791666666664,
    "bonus_code": "",
    "bonus_description": "Instant crypto titles: speedy payout rails.",
    "icon_url": "https://www.google.com/s2/favicons?sz=256&domain=solpot.com",
    "resolved_domain": "solpot.com",
    "redemption_speed": "Instant",
    "redemption_minimum": "<1",
    "redemption_type": "Crypto",
    "__EMPTY": "",
    "__EMPTY_1": ""
  },
  {
    "name": "Thrill",
    "affiliate_url": "https://thrill.com/?r=GambleCodez",
    "priority": 75,
    "category": "NONUS,CRYPTO,INSTANT",
    "status": "approved",
    "level": 3,
    "date_added": 45580.791666666664,
    "bonus_code": "",
    "bonus_description": "Instant crypto play: wide game catalog.",
    "icon_url": "https://www.google.com/s2/favicons?sz=256&domain=thrill.com",
    "resolved_domain": "thrill.com",
    "redemption_speed": "Instant",
    "redemption_minimum": "<1",
    "redemption_type": "Crypto",
    "__EMPTY": "",
    "__EMPTY_1": ""
  },
  {
    "name": "Shuffle.com",
    "affiliate_url": "https://shuffle.com?r=GambleCodez",
    "priority": 75,
    "category": "NONUS,CRYPTO,INSTANT",
    "status": "approved",
    "level": 3,
    "date_added": 45580.791666666664,
    "bonus_code": "",
    "bonus_description": "Lightning crypto hub: provably fair catalog.",
    "icon_url": "https://www.google.com/s2/favicons?sz=256&domain=shuffle.com",
    "resolved_domain": "shuffle.com",
    "redemption_speed": "Instant",
    "redemption_minimum": "<1",
    "redemption_type": "Crypto",
    "__EMPTY": "",
    "__EMPTY_1": ""
  },
  {
    "name": "Scarlet Sands",
    "affiliate_url": "https://scarletsands.com/?r=GambleCodez",
    "priority": 75,
    "category": "US,SWEEPS,TOP_PICK,KYC,INSTANT",
    "status": "approved",
    "level": 5,
    "date_added": 45985.75,
    "bonus_code": "",
    "bonus_description": "ð¥ A1 owned sweeps: GC + SC starter pack, $25 max redeem, daily login rewards.",
    "icon_url": "https://www.google.com/s2/favicons?sz=256&domain=scarletsands.com",
    "resolved_domain": "scarletsands.com",
    "redemption_speed": "Instant",
    "redemption_minimum": 25,
    "redemption_type": "Gift Card",
    "__EMPTY": "",
    "__EMPTY_1": ""
  },
  {
    "name": "LavishLuck",
    "affiliate_url": "https://invite.lavishluck.net/8dID/0cyelj9k?c=USHZ5D2E",
    "priority": 100,
    "category": "US,SWEEPS,KYC,INSTANT",
    "status": "approved",
    "level": 5,
    "date_added": 45985.75,
    "bonus_code": "",
    "bonus_description": "US sweeps with verified KYC: fast cashouts.",
    "icon_url": "https://www.google.com/s2/favicons?sz=256&domain=game.lavishluck.net",
    "resolved_domain": "game.lavishluck.net",
    "redemption_speed": "Instant",
    "redemption_minimum": 50,
    "redemption_type": "Debit",
    "__EMPTY": "",
    "__EMPTY_1": ""
  },
  {
    "name": "MegaSpinz",
    "affiliate_url": "https://megaspinz.com/raf/803489/register",
    "priority": 100,
    "category": "US,SWEEPS,TOP_PICK,KYC,INSTANT",
    "status": "approved",
    "level": 5,
    "date_added": 45985.75,
    "bonus_code": "",
    "bonus_description": "A1 owned sweeps: easy KYC, daily login rewards.",
    "icon_url": "https://www.google.com/s2/favicons?sz=256&domain=megaspinz.com",
    "resolved_domain": "megaspinz.com",
    "redemption_speed": "Instant",
    "redemption_minimum": 25,
    "redemption_type": "Gift Card",
    "__EMPTY": "",
    "__EMPTY_1": ""
  },
  {
    "name": "VegasWay",
    "affiliate_url": "http://vegasway.com/?invited_by=4JQPFN",
    "priority": 100,
    "category": "US,SWEEPS,TOP_PICK,KYC,INSTANT",
    "status": "approved",
    "level": 5,
    "date_added": 45985.75,
    "bonus_code": "",
    "bonus_description": "A1 owned sweeps: quick gift card cashouts, daily login rewards.",
    "icon_url": "https://www.google.com/s2/favicons?sz=256&domain=vegasway.com",
    "resolved_domain": "vegasway.com",
    "redemption_speed": "Instant",
    "redemption_minimum": 25,
    "redemption_type": "Gift Card",
    "__EMPTY": "",
    "__EMPTY_1": ""
  },
  {
    "name": "JackpotRabbit",
    "affiliate_url": "https://jackpotrabbit.com/?r=GambleCodez",
    "priority": 100,
    "category": "US,SWEEPS,TOP_PICK,KYC,INSTANT",
    "status": "approved",
    "level": 5,
    "date_added": 45985.75,
    "bonus_code": "",
    "bonus_description": "A1 owned sweeps: fast onboarding, $25 max redeem.",
    "icon_url": "https://www.google.com/s2/favicons?sz=256&domain=jackpotrabbit.com",
    "resolved_domain": "jackpotrabbit.com",
    "redemption_speed": "Instant",
    "redemption_minimum": 25,
    "redemption_type": "Gift Card",
    "__EMPTY": "",
    "__EMPTY_1": ""
  },
  {
    "name": "Funrize",
    "affiliate_url": "https://tracker.gemified.io/r/y1scHuqaqHCV/68a479d5acc04452caf2359b",
    "priority": 75,
    "category": "US,SWEEPS",
    "status": "approved",
    "level": 4,
    "date_added": 45995.75,
    "bonus_code": "",
    "bonus_description": "ð Funrize: flagship sweeps play, daily login rewards.",
    "icon_url": "https://www.google.com/s2/favicons?sz=256&domain=tracker.gemified.io",
    "resolved_domain": "tracker.gemified.io",
    "redemption_speed": "Instant",
    "redemption_minimum": 100,
    "redemption_type": "Debit",
    "__EMPTY": "",
    "__EMPTY_1": ""
  },
  {
    "name": "CiderCasino",
    "affiliate_url": "https://cidercasino.onelink.me/QfGN/oio1bede?c=L9V41WZX",
    "priority": 75,
    "category": "US,SWEEPS,KYC,INSTANT",
    "status": "approved",
    "level": 5,
    "date_added": 45985.75,
    "bonus_code": "",
    "bonus_description": "New sweeps site: mobile app support, daily rewards.",
    "icon_url": "https://www.google.com/s2/favicons?sz=256&domain=game.cidercasino.com",
    "resolved_domain": "game.cidercasino.com",
    "redemption_speed": "Instant",
    "redemption_minimum": 25,
    "redemption_type": "Gift Card",
    "__EMPTY": "",
    "__EMPTY_1": ""
  },
  {
    "name": "BankRolla",
    "affiliate_url": "",
    "priority": 0,
    "category": "BLACKLIST",
    "status": "blacklisted",
    "level": 1,
    "date_added": 45995.75,
    "bonus_code": "",
    "bonus_description": "â ï¸ Blacklisted: payout & trust reports â do not promote.",
    "icon_url": "https://www.google.com/s2/favicons?sz=256&domain=bankrolla.com",
    "resolved_domain": "bankrolla.com",
    "redemption_speed": "Pending",
    "redemption_minimum": "Pending",
    "redemption_type": "Pending",
    "__EMPTY": "",
    "__EMPTY_1": ""
  },
  {
    "name": "BC.GAME",
    "affiliate_url": "",
    "priority": 0,
    "category": "BLACKLIST",
    "status": "blacklisted",
    "level": 1,
    "date_added": 45978.75,
    "bonus_code": "",
    "bonus_description": "â ï¸ Blacklisted: payout & trust reports.",
    "icon_url": "https://www.google.com/s2/favicons?sz=256&domain=bc.game",
    "resolved_domain": "bc.game",
    "redemption_speed": "Pending",
    "redemption_minimum": "Pending",
    "redemption_type": "Pending",
    "__EMPTY": "",
    "__EMPTY_1": ""
  },
  {
    "name": "bcgame.us",
    "affiliate_url": "",
    "priority": 0,
    "category": "BLACKLIST",
    "status": "blacklisted",
    "level": 1,
    "date_added": 45978.75,
    "bonus_code": "",
    "bonus_description": "â ï¸ Blacklisted: payout & trust reports.",
    "icon_url": "",
    "resolved_domain": "Pending",
    "redemption_speed": "Pending",
    "redemption_minimum": "Pending",
    "redemption_type": "",
    "__EMPTY": "",
    "__EMPTY_1": ""
  },
  {
    "name": "Betzed",
    "affiliate_url": "",
    "priority": 0,
    "category": "BLACKLIST",
    "status": "blacklisted",
    "level": 1,
    "date_added": 45978.75,
    "bonus_code": "",
    "bonus_description": "â ï¸ Blacklisted: payout & reliability complaints.",
    "icon_url": "https://www.google.com/s2/favicons?sz=256&domain=betzed.com",
    "resolved_domain": "betzed.com",
    "redemption_speed": "Pending",
    "redemption_minimum": "Pending",
    "redemption_type": "Pending",
    "__EMPTY": "",
    "__EMPTY_1": ""
  },
  {
    "name": "BetUS",
    "affiliate_url": "",
    "priority": 0,
    "category": "BLACKLIST",
    "status": "blacklisted",
    "level": 1,
    "date_added": 45978.75,
    "bonus_code": "",
    "bonus_description": "â ï¸ Blacklisted: community payout reports.",
    "icon_url": "",
    "resolved_domain": "Pending",
    "redemption_speed": "Pending",
    "redemption_minimum": "Pending",
    "redemption_type": "",
    "__EMPTY": "",
    "__EMPTY_1": ""
  },
  {
    "name": "Cool Cat",
    "affiliate_url": "",
    "priority": 0,
    "category": "BLACKLIST",
    "status": "blacklisted",
    "level": 1,
    "date_added": 45978.75,
    "bonus_code": "",
    "bonus_description": "â ï¸ Blacklisted: withdrawal delay reports.",
    "icon_url": "https://www.google.com/s2/favicons?sz=256&domain=coolcat.io",
    "resolved_domain": "coolcat.io",
    "redemption_speed": "Pending",
    "redemption_minimum": "Pending",
    "redemption_type": "Pending",
    "__EMPTY": "",
    "__EMPTY_1": ""
  },
  {
    "name": "Liberty Slots",
    "affiliate_url": "",
    "priority": 0,
    "category": "BLACKLIST",
    "status": "blacklisted",
    "level": 1,
    "date_added": 45978.75,
    "bonus_code": "",
    "bonus_description": "â ï¸ Blacklisted: licensing & payout concerns.",
    "icon_url": "https://www.google.com/s2/favicons?sz=256&domain=libertyslots.com",
    "resolved_domain": "libertyslots.com",
    "redemption_speed": "Pending",
    "redemption_minimum": "Pending",
    "redemption_type": "Pending",
    "__EMPTY": "",
    "__EMPTY_1": ""
  },
  {
    "name": "Winz.io",
    "affiliate_url": "",
    "priority": 0,
    "category": "BLACKLIST",
    "status": "blacklisted",
    "level": 1,
    "date_added": 45984.75,
    "bonus_code": "",
    "bonus_description": "â ï¸ Blacklisted: rogue crypto casino, payout complaints.",
    "icon_url": "https://www.google.com/s2/favicons?sz=256&domain=winz.io",
    "resolved_domain": "winz.io",
    "redemption_speed": "Pending",
    "redemption_minimum": "Pending",
    "redemption_type": "Pending",
    "__EMPTY": "",
    "__EMPTY_1": ""
  },
  {
    "name": "TrueFlip",
    "affiliate_url": "",
    "priority": 0,
    "category": "BLACKLIST",
    "status": "blacklisted",
    "level": 1,
    "date_added": 45984.75,
    "bonus_code": "",
    "bonus_description": "â ï¸ Blacklisted: rogue crypto casino, trust issues.",
    "icon_url": "https://www.google.com/s2/favicons?sz=256&domain=trueflip.com",
    "resolved_domain": "trueflip.com",
    "redemption_speed": "Pending",
    "redemption_minimum": "Pending",
    "redemption_type": "Pending",
    "__EMPTY": "",
    "__EMPTY_1": ""
  },
  {
    "name": "Sweepto",
    "affiliate_url": "",
    "priority": 0,
    "category": "BLACKLIST",
    "status": "blacklisted",
    "level": 1,
    "date_added": 45984.75,
    "bonus_code": "",
    "bonus_description": "â ï¸ Blacklisted: scam sweeps site, rogue activity.",
    "icon_url": "",
    "resolved_domain": "Pending",
    "redemption_speed": "Pending",
    "redemption_minimum": "Pending",
    "redemption_type": "",
    "__EMPTY": "",
    "__EMPTY_1": ""
  },
  {
    "name": "Sweetspins",
    "affiliate_url": "",
    "priority": 0,
    "category": "BLACKLIST",
    "status": "blacklisted",
    "level": 1,
    "date_added": 45984.75,
    "bonus_code": "",
    "bonus_description": "â ï¸ Blacklisted: scam sweeps site, rogue activity.",
    "icon_url": "",
    "resolved_domain": "Pending",
    "redemption_speed": "Pending",
    "redemption_minimum": "Pending",
    "redemption_type": "",
    "__EMPTY": "",
    "__EMPTY_1": ""
  },
  {
    "name": "SweepShark",
    "affiliate_url": "https://sweepshark.com/promotions",
    "priority": 75,
    "category": "US,SWEEPS,TOP_PICK,KYC,INSTANT",
    "status": "approved",
    "level": 5,
    "date_added": 45985.75,
    "bonus_code": "",
    "bonus_description": "A1 owned sweeps: free SC + GC packs, daily login rewards.",
    "icon_url": "https://www.google.com/s2/favicons?sz=256&domain=sweepshark.com",
    "resolved_domain": "sweepshark.com",
    "redemption_speed": "Instant",
    "redemption_minimum": 25,
    "redemption_type": "Gift Card",
    "__EMPTY": "",
    "__EMPTY_1": ""
  },
  {
    "name": "WowVegas",
    "affiliate_url": "https://www.wowvegas.com/?raf=1060914",
    "priority": 75,
    "category": "US,SWEEPS",
    "status": "approved",
    "level": 3,
    "date_added": 45580.791666666664,
    "bonus_code": "",
    "bonus_description": "ð¥ Approachable sweeps: easy signup, recurring incentives.",
    "icon_url": "https://www.google.com/s2/favicons?sz=256&domain=wowvegas.com",
    "resolved_domain": "wowvegas.com",
    "redemption_speed": "3â5 days",
    "redemption_minimum": 100,
    "redemption_type": "Bank",
    "__EMPTY": "",
    "__EMPTY_1": ""
  },
  {
    "name": "YEET",
    "affiliate_url": "https://yeet.com/register?aff=GambleCodez",
    "priority": 75,
    "category": "NONUS,CRYPTO,INSTANT",
    "status": "approved",
    "level": 3,
    "date_added": 45580.791666666664,
    "bonus_code": "",
    "bonus_description": "â¡ Instant crypto hub: rapid payout rails.",
    "icon_url": "https://www.google.com/s2/favicons?sz=256&domain=yeet.com",
    "resolved_domain": "yeet.com",
    "redemption_speed": "Instant",
    "redemption_minimum": "<1",
    "redemption_type": "Crypto",
    "__EMPTY": "",
    "__EMPTY_1": ""
  },
  {
    "name": "SpinPals",
    "affiliate_url": "https://www.spinpals.com?referralcode=gamblecodes",
    "priority": 75,
    "category": "US,SWEEPS",
    "status": "approved",
    "level": 3,
    "date_added": 45580.791666666664,
    "bonus_code": "",
    "bonus_description": "ð° Casual sweeps: frequent spinâbased promos.",
    "icon_url": "https://www.google.com/s2/favicons?sz=256&domain=spinpals.com",
    "resolved_domain": "spinpals.com",
    "redemption_speed": "1 day (no weekends)",
    "redemption_minimum": 100,
    "redemption_type": "Bank",
    "__EMPTY": "",
    "__EMPTY_1": ""
  },
  {
    "name": "Zunado",
    "affiliate_url": "https://app.zunado.com/invite/NtjlncOBpQ1z",
    "priority": 100,
    "category": "US,SWEEPS,TOP_PICK,KYC",
    "status": "approved",
    "level": 5,
    "date_added": 45951.791666666664,
    "bonus_code": "",
    "bonus_description": "ð USA sweeps top pick: strong firstâpurchase experience.",
    "icon_url": "https://www.google.com/s2/favicons?sz=256&domain=app.zunado.com",
    "resolved_domain": "app.zunado.com",
    "redemption_speed": "Pending",
    "redemption_minimum": "Pending",
    "redemption_type": "Pending",
    "__EMPTY": "",
    "__EMPTY_1": ""
  },
  {
    "name": "FishTables.io",
    "affiliate_url": "https://fishtables.io/pre-register?ref=zpvfkfmea5",
    "priority": 100,
    "category": "US,SWEEPS,INSTANT,TOP_PICK,KYC",
    "status": "approved",
    "level": 5,
    "date_added": 45951.791666666664,
    "bonus_code": "",
    "bonus_description": "ð£ Skillâbased sweeps: GambleCodez verified.",
    "icon_url": "https://www.google.com/s2/favicons?sz=256&domain=fishtables.io",
    "resolved_domain": "fishtables.io",
    "redemption_speed": "Instant",
    "redemption_minimum": 100,
    "redemption_type": "Crypto",
    "__EMPTY": "",
    "__EMPTY_1": ""
  },
  {
    "name": "VegasGlory",
    "affiliate_url": "https://vegasglory.com?referralCode=1aBppg",
    "priority": 100,
    "category": "US,SWEEPS,TOP_PICK,KYC",
    "status": "approved",
    "level": 5,
    "date_added": 45951.791666666664,
    "bonus_code": "",
    "bonus_description": "ð¥ Competitive sweeps: strong firstâpurchase deals.",
    "icon_url": "https://www.google.com/s2/favicons?sz=256&domain=vegasglory.com",
    "resolved_domain": "vegasglory.com",
    "redemption_speed": "Pending",
    "redemption_minimum": "Pending",
    "redemption_type": "Pending",
    "__EMPTY": "",
    "__EMPTY_1": ""
  },
  {
    "name": "Sportzino",
    "affiliate_url": "https://sportzino.com/join?ref=GambleCodez",
    "priority": 100,
    "category": "US,SWEEPS,TOP_PICK,KYC",
    "status": "approved",
    "level": 5,
    "date_added": 45951.791666666664,
    "bonus_code": "",
    "bonus_description": "ð Sports + sweeps: redeemable flows for fans.",
    "icon_url": "https://www.google.com/s2/favicons?sz=256&domain=sportzino.com",
    "resolved_domain": "sportzino.com",
    "redemption_speed": "Pending",
    "redemption_minimum": "Pending",
    "redemption_type": "Pending",
    "__EMPTY": "",
    "__EMPTY_1": ""
  },
  {
    "name": "SpinBlitz",
    "affiliate_url": "https://tracker.gemified.io/r/y1scHuqaqHCV/689b4fa85e73fb766f3ee133",
    "priority": 75,
    "category": "US,SWEEPS",
    "status": "approved",
    "level": 4,
    "date_added": 45995.75,
    "bonus_code": "",
    "bonus_description": "ð¥ SpinBlitz: curated drops, hyped sweeps play.",
    "icon_url": "https://www.google.com/s2/favicons?sz=256&domain=tracker.gemified.io",
    "resolved_domain": "tracker.gemified.io",
    "redemption_speed": "Pending",
    "redemption_minimum": "Pending",
    "redemption_type": "Pending",
    "__EMPTY": "",
    "__EMPTY_1": ""
  },
  {
    "name": "SweepsRoyal",
    "affiliate_url": "https://sweepsroyal.com/signup?ref=GambleCodez",
    "priority": 100,
    "category": "US,SWEEPS,TOP_PICK,KYC",
    "status": "approved",
    "level": 5,
    "date_added": 45951.791666666664,
    "bonus_code": "",
    "bonus_description": "ð US top pick: large promo packs, consistent fastâclaim support.",
    "icon_url": "https://www.google.com/s2/favicons?sz=256&domain=sweepsroyal.com",
    "resolved_domain": "sweepsroyal.com",
    "redemption_speed": "Instant",
    "redemption_minimum": 100,
    "redemption_type": "Debit",
    "__EMPTY": "",
    "__EMPTY_1": ""
  },
  {
    "name": "Flush.com",
    "affiliate_url": "https://flush.com/?ZVY3BS",
    "priority": 100,
    "category": "NONUS,CRYPTO,LOOTBOX,INSTANT",
    "status": "approved",
    "level": 5,
    "date_added": 45952.791666666664,
    "bonus_code": "",
    "bonus_description": "ð Lootbox + crypto: broad token support.",
    "icon_url": "https://www.google.com/s2/favicons?sz=256&domain=flush.com",
    "resolved_domain": "flush.com",
    "redemption_speed": "Instant",
    "redemption_minimum": "<1",
    "redemption_type": "Crypto",
    "__EMPTY": "",
    "__EMPTY_1": ""
  },
  {
    "name": "DimeSweeps",
    "affiliate_url": "https://dimesweeps.com/?ref=r_gamblecodez",
    "priority": 100,
    "category": "US,SWEEPS,INSTANT,KYC",
    "status": "approved",
    "level": 3,
    "date_added": 45951.791666666664,
    "bonus_code": "",
    "bonus_description": "ðµ USA instant sweeps: straightforward promos.",
    "icon_url": "https://www.google.com/s2/favicons?sz=256&domain=dimesweeps.com",
    "resolved_domain": "dimesweeps.com",
    "redemption_speed": "Instant",
    "redemption_minimum": 100,
    "redemption_type": "Debit",
    "__EMPTY": "",
    "__EMPTY_1": ""
  },
  {
    "name": "SweepJungle",
    "affiliate_url": "https://referral.sweepsflow.com/?r=9EXFC1",
    "priority": 100,
    "category": "US,SWEEPS,TOP_PICK,KYC,INSTANT",
    "status": "approved",
    "level": 5,
    "date_added": 45995.75,
    "bonus_code": "",
    "bonus_description": "Fastâclaim sweeps: clear firstâpurchase offers.",
    "icon_url": "https://www.google.com/s2/favicons?sz=256&domain=sweepjungle.com",
    "resolved_domain": "sweepjungle.com",
    "redemption_speed": "Instant",
    "redemption_minimum": 100,
    "redemption_type": "Debit",
    "__EMPTY": "",
    "__EMPTY_1": ""
  },
  {
    "name": "JackpotGo",
    "affiliate_url": "https://game.jackpotgo.com?invite_code=CPUYLLWB",
    "priority": 100,
    "category": "US,SWEEPS,TOP_PICK,KYC",
    "status": "approved",
    "level": 5,
    "date_added": 45951.791666666664,
    "bonus_code": "",
    "bonus_description": "ð° Highâvalue sweeps: big signup rewards.",
    "icon_url": "https://www.google.com/s2/favicons?sz=256&domain=game.jackpotgo.com",
    "resolved_domain": "game.jackpotgo.com",
    "redemption_speed": "PayPal quickest 1â24h (avg ~1h)",
    "redemption_minimum": 3,
    "redemption_type": "PayPal",
    "__EMPTY": "",
    "__EMPTY_1": ""
  },
  {
    "name": "Degen",
    "affiliate_url": "https://degen.com/r/gamblecodez",
    "priority": 100,
    "category": "US,SWEEPS,TOP_PICK,KYC",
    "status": "approved",
    "level": 5,
    "date_added": 45951.791666666664,
    "bonus_code": "",
    "bonus_description": "ð¬ Social sweeps hub: daily freebies, easy claims.",
    "icon_url": "https://www.google.com/s2/favicons?sz=256&domain=degen.com",
    "resolved_domain": "degen.com",
    "redemption_speed": "Pending",
    "redemption_minimum": "Pending",
    "redemption_type": "Pending",
    "__EMPTY": "",
    "__EMPTY_1": ""
  },
  {
    "name": "OSEsweeps",
    "affiliate_url": "https://osesweeps.com/",
    "priority": 10,
    "category": "US,SWEEPS,INSTANT,TOP_PICK,KYC",
    "status": "approved",
    "level": 4,
    "date_added": 45978.75,
    "bonus_code": "GCODEZ5",
    "bonus_description": "ð Use code GambleCodez at signup for 50% off first purchase.",
    "icon_url": "https://www.google.com/s2/favicons?sz=256&domain=osesweeps.com",
    "resolved_domain": "osesweeps.com",
    "redemption_speed": "Same day",
    "redemption_minimum": 50,
    "redemption_type": "Debit",
    "__EMPTY": "",
    "__EMPTY_1": ""
  },
  {
    "name": "Scoop",
    "affiliate_url": "https://scoop.com/?ref=r_gamblecodez",
    "priority": 100,
    "category": "US,SWEEPS,INSTANT,TOP_PICK,KYC",
    "status": "approved",
    "level": 5,
    "date_added": 45978.75,
    "bonus_code": "",
    "bonus_description": "ð¦ Full US sweeps catalog: instant redemptions.",
    "icon_url": "https://www.google.com/s2/favicons?sz=256&domain=scoop.com",
    "resolved_domain": "scoop.com",
    "redemption_speed": "Instant",
    "redemption_minimum": 100,
    "redemption_type": "Debit",
    "__EMPTY": "",
    "__EMPTY_1": ""
  },
  {
    "name": "AceBet",
    "affiliate_url": "https://acebet.com/welcome/r/gamblecodez",
    "priority": 75,
    "category": "NONUS,CRYPTO,INSTANT",
    "status": "approved",
    "level": 3,
    "date_added": 45984.75,
    "bonus_code": "",
    "bonus_description": "AceBet crypto site â keep in crypto section",
    "icon_url": "https://www.google.com/s2/favicons?sz=256&domain=acebet.com",
    "resolved_domain": "acebet.com",
    "redemption_speed": "Instant",
    "redemption_minimum": 10,
    "redemption_type": "Crypto",
    "__EMPTY": "",
    "__EMPTY_1": ""
  },
  {
    "name": "CryptoPlay",
    "affiliate_url": "https://cryptoplay.io/?c=GambleCodez",
    "priority": 75,
    "category": "NONUS,CRYPTO,INSTANT",
    "status": "approved",
    "level": 3,
    "date_added": 45984.75,
    "bonus_code": "",
    "bonus_description": "ð² Provably fair crypto games: Dice, Towers, Mines.",
    "icon_url": "https://www.google.com/s2/favicons?sz=256&domain=cryptoplay.io",
    "resolved_domain": "cryptoplay.io",
    "redemption_speed": "Instant",
    "redemption_minimum": "<1",
    "redemption_type": "Crypto",
    "__EMPTY": "",
    "__EMPTY_1": ""
  },
  {
    "name": "LuckyHands",
    "affiliate_url": "https://luckyhands.com/sign-up?code=gamblecodes",
    "priority": 75,
    "category": "US,SWEEPS,KYC",
    "status": "approved",
    "level": 3,
    "date_added": 45580.791666666664,
    "bonus_code": "",
    "bonus_description": "ðï¸ Curated promos: welcome offers, daily incentives.",
    "icon_url": "https://www.google.com/s2/favicons?sz=256&domain=luckyhands.com",
    "resolved_domain": "luckyhands.com",
    "redemption_speed": "Pending",
    "redemption_minimum": "Pending",
    "redemption_type": "Pending",
    "__EMPTY": "",
    "__EMPTY_1": ""
  },
  {
    "name": "LuckyKong",
    "affiliate_url": "https://luckykong.us/register?promocode=MICHAELP",
    "priority": 75,
    "category": "US,SWEEPS",
    "status": "approved",
    "level": 3,
    "date_added": 45580.791666666664,
    "bonus_code": "",
    "bonus_description": "ð¦ Simple signup sweeps: frequent bonus pushes.",
    "icon_url": "https://www.google.com/s2/favicons?sz=256&domain=luckykong.us",
    "resolved_domain": "luckykong.us",
    "redemption_speed": "Pending",
    "redemption_minimum": "Pending",
    "redemption_type": "Pending",
    "__EMPTY": "",
    "__EMPTY_1": ""
  },
  {
    "name": "LuckySlots",
    "affiliate_url": "https://referral.sweepsflow.com/?r=9HCROB",
    "priority": 100,
    "category": "US,SWEEPS,TOP_PICK,KYC,INSTANT",
    "status": "approved",
    "level": 5,
    "date_added": 45995.75,
    "bonus_code": "",
    "bonus_description": "50% extra coins (max $50) for 7 days + Free SC on signup",
    "icon_url": "https://www.google.com/s2/favicons?sz=256&domain=megafrenzy.com",
    "resolved_domain": "megafrenzy.com",
    "redemption_speed": "1 day or instant (â¤24h debit)",
    "redemption_minimum": 100,
    "redemption_type": "Debit",
    "__EMPTY": "",
    "__EMPTY_1": ""
  },
  {
    "name": "SpinQuest",
    "affiliate_url": "https://spinquest.com/?u=BEP9K6G",
    "priority": 75,
    "category": "US,SWEEPS",
    "status": "approved",
    "level": 3,
    "date_added": 45580.791666666664,
    "bonus_code": "",
    "bonus_description": "ð Steady promos hub: recurring engagement.",
    "icon_url": "https://www.google.com/s2/favicons?sz=256&domain=spinquest.com",
    "resolved_domain": "spinquest.com",
    "redemption_speed": "First redemption 1 day; subsequent instant debit",
    "redemption_minimum": 100,
    "redemption_type": "Debit",
    "__EMPTY": "",
    "__EMPTY_1": ""
  },
  {
    "name": "SpinSaga",
    "affiliate_url": "https://play.spinsagacasino.com/?ref=19087&campaign=referFriend",
    "priority": 75,
    "category": "US,SWEEPS",
    "status": "approved",
    "level": 3,
    "date_added": 45580.791666666664,
    "bonus_code": "",
    "bonus_description": "ð Approachable slots sweeps: clear cashier flow.",
    "icon_url": "https://www.google.com/s2/favicons?sz=256&domain=play.spinsagacasino.com",
    "resolved_domain": "play.spinsagacasino.com",
    "redemption_speed": "Pending",
    "redemption_minimum": "Pending",
    "redemption_type": "Pending",
    "__EMPTY": "",
    "__EMPTY_1": ""
  },
  {
    "name": "SweepLuxe",
    "affiliate_url": "https://sweepluxe.com/sign-up?referralCode=XifRu8",
    "priority": 75,
    "category": "US,SWEEPS",
    "status": "approved",
    "level": 3,
    "date_added": 45580.791666666664,
    "bonus_code": "",
    "bonus_description": "ð Accessible sweeps: quick redemption steps.",
    "icon_url": "https://www.google.com/s2/favicons?sz=256&domain=sweepluxe.com",
    "resolved_domain": "sweepluxe.com",
    "redemption_speed": "Pending",
    "redemption_minimum": "Pending",
    "redemption_type": "Pending",
    "__EMPTY": "",
    "__EMPTY_1": ""
  },
  {
    "name": "SweepNext",
    "affiliate_url": "https://sweepnext.com/?c=1698_QBJtf29K",
    "priority": 75,
    "category": "US,SWEEPS",
    "status": "approved",
    "level": 3,
    "date_added": 45580.791666666664,
    "bonus_code": "",
    "bonus_description": "â­ï¸ Routine sweeps: simple account flows.",
    "icon_url": "https://www.google.com/s2/favicons?sz=256&domain=sweepnext.com",
    "resolved_domain": "sweepnext.com",
    "redemption_speed": "Pending",
    "redemption_minimum": "Pending",
    "redemption_type": "Pending",
    "__EMPTY": "",
    "__EMPTY_1": ""
  },
  {
    "name": "TheBoss",
    "affiliate_url": "https://theboss.gamblecodez.com",
    "priority": 75,
    "category": "US,SWEEPS",
    "status": "approved",
    "level": 3,
    "date_added": 45580.791666666664,
    "bonus_code": "",
    "bonus_description": "ð Steady sweeps: approachable signup.",
    "icon_url": "https://www.google.com/s2/favicons?sz=256&domain=theboss.casino",
    "resolved_domain": "theboss.casino",
    "redemption_speed": "Pending",
    "redemption_minimum": "Pending",
    "redemption_type": "Pending",
    "__EMPTY": "",
    "__EMPTY_1": ""
  },
  {
    "name": "ToraTora",
    "affiliate_url": "https://toratoracasino.com/?mode=signup&referral=TORA-3AXFK-HN37TE-DX",
    "priority": 75,
    "category": "US,SWEEPS",
    "status": "approved",
    "level": 3,
    "date_added": 45580.791666666664,
    "bonus_code": "",
    "bonus_description": "ð¯ Classic sweeps: clear promo banners, straightforward redemption guidance.",
    "icon_url": "https://www.google.com/s2/favicons?sz=256&domain=toratoracasino.com",
    "resolved_domain": "toratoracasino.com",
    "redemption_speed": "3 business days",
    "redemption_minimum": 100,
    "redemption_type": "Bank",
    "__EMPTY": "Gift Card",
    "__EMPTY_1": ""
  },
  {
    "name": "RoxyMoxy",
    "affiliate_url": "https://tracker.gemified.io/r/y1scHuqaqHCV/68c0391afa90bc7b3fcb3a05",
    "priority": 75,
    "category": "US,SWEEPS",
    "status": "approved",
    "level": 4,
    "date_added": 45995.75,
    "bonus_code": "",
    "bonus_description": "ð¸ Friendly sweeps play, steady promo offers, accessible support.",
    "icon_url": "https://www.google.com/s2/favicons?sz=256&domain=tracker.gemified.io",
    "resolved_domain": "tracker.gemified.io",
    "redemption_speed": "3â7 business days",
    "redemption_minimum": 100,
    "redemption_type": "Bank",
    "__EMPTY": "",
    "__EMPTY_1": ""
  },
  {
    "name": "Sheesh",
    "affiliate_url": "https://sheesh.gamblecodez.com",
    "priority": 75,
    "category": "US,SWEEPS,TOP_PICK",
    "status": "approved",
    "level": 3,
    "date_added": 45580.791666666664,
    "bonus_code": "",
    "bonus_description": "ð Topâpick sweeps: tidy onboarding, standout welcome offers, GambleCodez referral locked.",
    "icon_url": "https://www.google.com/s2/favicons?sz=256&domain=sheeshcasino.com",
    "resolved_domain": "sheeshcasino.com",
    "redemption_speed": "Pending",
    "redemption_minimum": "Pending",
    "redemption_type": "Pending",
    "__EMPTY": "",
    "__EMPTY_1": ""
  },
  {
    "name": "Rolla",
    "affiliate_url": "https://referral.sweepsflow.com/?r=HSQH8T",
    "priority": 100,
    "category": "US,SWEEPS,TOP_PICK,KYC,INSTANT",
    "status": "approved",
    "level": 5,
    "date_added": 45995.75,
    "bonus_code": "",
    "bonus_description": "7âDay Welcome Package Discount",
    "icon_url": "https://www.google.com/s2/favicons?sz=256&domain=jackpota.com",
    "resolved_domain": "jackpota.com",
    "redemption_speed": "Instant",
    "redemption_minimum": 100,
    "redemption_type": "Debit",
    "__EMPTY": "",
    "__EMPTY_1": ""
  },
  {
    "name": "RuneHall",
    "affiliate_url": "https://runehall.com/a/GambleCodez",
    "priority": 75,
    "category": "NONUS,SWEEPS,INSTANT",
    "status": "approved",
    "level": 3,
    "date_added": 45580.791666666664,
    "bonus_code": "",
    "bonus_description": "âï¸ Global sweeps: periodic promotions, clear redemption guidelines.",
    "icon_url": "https://www.google.com/s2/favicons?sz=256&domain=runehall.com",
    "resolved_domain": "runehall.com",
    "redemption_speed": "Instant",
    "redemption_minimum": 10,
    "redemption_type": "Crypto",
    "__EMPTY": "",
    "__EMPTY_1": ""
  },
  {
    "name": "SBX",
    "affiliate_url": "https://sbx.com/sign-up?r=GAMBLECODEZ",
    "priority": 75,
    "category": "NONUS,CRYPTO",
    "status": "approved",
    "level": 3,
    "date_added": 45580.791666666664,
    "bonus_code": "",
    "bonus_description": "ð  NoâKYC crypto play: frequent short sessions, casual promos.",
    "icon_url": "https://www.google.com/s2/favicons?sz=256&domain=sbx.com",
    "resolved_domain": "sbx.com",
    "redemption_speed": "Pending",
    "redemption_minimum": "Pending",
    "redemption_type": "Pending",
    "__EMPTY": "",
    "__EMPTY_1": ""
  },
  {
    "name": "TrustDice",
    "affiliate_url": "https://trustdice.win?ref=u_thetylo1988&utm_campaign=refward",
    "priority": 75,
    "category": "NONUS,CRYPTO,FAUCET,INSTANT",
    "status": "approved",
    "level": 3,
    "date_added": 45580.791666666664,
    "bonus_code": "",
    "bonus_description": "ð² Faucet + crypto rewards: fast rails, popular for frequent claimants.",
    "icon_url": "https://www.google.com/s2/favicons?sz=256&domain=trustdice.win",
    "resolved_domain": "trustdice.win",
    "redemption_speed": "Instant",
    "redemption_minimum": "<1",
    "redemption_type": "Crypto",
    "__EMPTY": "",
    "__EMPTY_1": ""
  },
  {
    "name": "Vave.com",
    "affiliate_url": "https://vave.com/aff/GambleCodez",
    "priority": 75,
    "category": "NONUS,CRYPTO,INSTANT",
    "status": "approved",
    "level": 3,
    "date_added": 45580.791666666664,
    "bonus_code": "",
    "bonus_description": "â¡ Instant crypto claims: fast payouts, simple signup.",
    "icon_url": "https://www.google.com/s2/favicons?sz=256&domain=vave.com",
    "resolved_domain": "vave.com",
    "redemption_speed": "Instant",
    "redemption_minimum": "<1",
    "redemption_type": "Crypto",
    "__EMPTY": "",
    "__EMPTY_1": ""
  },
  {
    "name": "Wintomato",
    "affiliate_url": "https://wintomato.com/en/registration?refcode=1150810",
    "priority": 75,
    "category": "NONUS,CRYPTO,FAUCET,INSTANT",
    "status": "approved",
    "level": 3,
    "date_added": 45580.791666666664,
    "bonus_code": "",
    "bonus_description": "ð Faucet + quick claims: sweeps titles, clear instructions, GambleCodez referral.",
    "icon_url": "https://www.google.com/s2/favicons?sz=256&domain=wintomato.com",
    "resolved_domain": "wintomato.com",
    "redemption_speed": "Instant",
    "redemption_minimum": "12h",
    "redemption_type": "Crypto",
    "__EMPTY": "",
    "__EMPTY_1": ""
  },
  {
    "name": "StarBets.io",
    "affiliate_url": "https://starbets.io/?ref=Xr6ZCPKYRk",
    "priority": 75,
    "category": "NONUS,CRYPTO,INSTANT",
    "status": "approved",
    "level": 3,
    "date_added": 45580.791666666664,
    "bonus_code": "",
    "bonus_description": "â­ Crypto gaming: rapid deposits/withdrawals, broad game selection.",
    "icon_url": "https://www.google.com/s2/favicons?sz=256&domain=starbets.io",
    "resolved_domain": "starbets.io",
    "redemption_speed": "Instant",
    "redemption_minimum": "<1",
    "redemption_type": "Crypto",
    "__EMPTY": "",
    "__EMPTY_1": ""
  },
  {
    "name": "SplashCoins",
    "affiliate_url": "https://referral.sweepsflow.com/?r=RVRFB3",
    "priority": 100,
    "category": "US,SWEEPS,TOP_PICK,KYC,INSTANT",
    "status": "approved",
    "level": 5,
    "date_added": 45995.75,
    "bonus_code": "",
    "bonus_description": "150,000 GC + 2 SC free signup; 750,000 GC + 30 SC for $9.99; GambleCodez verified.",
    "icon_url": "https://www.google.com/s2/favicons?sz=256&domain=play.splashcoins.com",
    "resolved_domain": "play.splashcoins.com",
    "redemption_speed": "Nextâday Skrill",
    "redemption_minimum": 100,
    "redemption_type": "Skrill",
    "__EMPTY": "",
    "__EMPTY_1": ""
  },
  {
    "name": "Lunaland",
    "affiliate_url": "https://referral.sweepsflow.com/?r=R7YRUH",
    "priority": 100,
    "category": "US,SWEEPS,TOP_PICK,KYC",
    "status": "approved",
    "level": 5,
    "date_added": 45995.75,
    "bonus_code": "",
    "bonus_description": "100,000 LC + 2 SC free signup; GambleCodez verified.",
    "icon_url": "https://www.google.com/s2/favicons?sz=256&domain=lunalandcasino.com",
    "resolved_domain": "lunalandcasino.com",
    "redemption_speed": "PayPal 1â7 days",
    "redemption_minimum": 50,
    "redemption_type": "PayPal",
    "__EMPTY": "",
    "__EMPTY_1": ""
  },
  {
    "name": "High5Casino",
    "affiliate_url": "https://referral.sweepsflow.com/?r=Y7GQYA",
    "priority": 100,
    "category": "US,SWEEPS,TOP_PICK,KYC",
    "status": "approved",
    "level": 5,
    "date_added": 45995.75,
    "bonus_code": "",
    "bonus_description": "700 GC + 55 SC + 400 Diamonds + 1 SC daily for 5 days",
    "icon_url": "https://www.google.com/s2/favicons?sz=256&domain=lonestarcasino.com",
    "resolved_domain": "lonestarcasino.com",
    "redemption_speed": "GiftCard/PayPal 1â5 days",
    "redemption_minimum": 100,
    "redemption_type": "Gift Card",
    "__EMPTY": "PayPal",
    "__EMPTY_1": ""
  },
  {
    "name": "Jackpota",
    "affiliate_url": "https://referral.sweepsflow.com/?r=XQDP5R",
    "priority": 100,
    "category": "US,SWEEPS,TOP_PICK,KYC,INSTANT",
    "status": "approved",
    "level": 5,
    "date_added": 45995.75,
    "bonus_code": "",
    "bonus_description": "7,500 GC + 2.5 SC free signup; GambleCodez verified.",
    "icon_url": "https://www.google.com/s2/favicons?sz=256&domain=luckyslots.us",
    "resolved_domain": "luckyslots.us",
    "redemption_speed": "GiftCard 24â48h; Bank 1â6 days",
    "redemption_minimum": 100,
    "redemption_type": "Gift Card",
    "__EMPTY": "Bank",
    "__EMPTY_1": ""
  },
  {
    "name": "Spree",
    "affiliate_url": "https://referral.sweepsflow.com/?r=SMG0G2",
    "priority": 100,
    "category": "US,SWEEPS,TOP_PICK,KYC",
    "status": "approved",
    "level": 5,
    "date_added": 45995.75,
    "bonus_code": "",
    "bonus_description": "25,000 GC + 2.5 SC free signup; GambleCodez verified.",
    "icon_url": "https://www.google.com/s2/favicons?sz=256&domain=legendz.com",
    "resolved_domain": "legendz.com",
    "redemption_speed": "2â10 days",
    "redemption_minimum": 100,
    "redemption_type": "Bank",
    "__EMPTY": "",
    "__EMPTY_1": ""
  },
  {
    "name": "RealPrize",
    "affiliate_url": "https://referral.sweepsflow.com/?r=B9MX5N",
    "priority": 100,
    "category": "US,SWEEPS,TOP_PICK,KYC,INSTANT",
    "status": "approved",
    "level": 5,
    "date_added": 45995.75,
    "bonus_code": "",
    "bonus_description": "100,000 GC + 2 SC free signup; GambleCodez verified.",
    "icon_url": "https://www.google.com/s2/favicons?sz=256&domain=high5casino.com",
    "resolved_domain": "high5casino.com",
    "redemption_speed": "1â2 days",
    "redemption_minimum": 100,
    "redemption_type": "Bank",
    "__EMPTY": "",
    "__EMPTY_1": ""
  },
  {
    "name": "Pulsz",
    "affiliate_url": "https://referral.sweepsflow.com/?r=MEF4QG",
    "priority": 100,
    "category": "US,SWEEPS,TOP_PICK,KYC,INSTANT",
    "status": "approved",
    "level": 5,
    "date_added": 45995.75,
    "bonus_code": "",
    "bonus_description": "200% Extra Coins offer after registration",
    "icon_url": "https://www.google.com/s2/favicons?sz=256&domain=gmv0cw4gptrk.com",
    "resolved_domain": "gmv0cw4gptrk.com",
    "redemption_speed": "Skrill 1d; Bank 2â3d; GiftCard ~24h",
    "redemption_minimum": 100,
    "redemption_type": "Skrill",
    "__EMPTY": "Bank",
    "__EMPTY_1": "GiftCard"
  },
  {
    "name": "CasinoClick",
    "affiliate_url": "https://tracker.gemified.io/r/y1scHuqaqHCV/67fd1968570905aaacec8495",
    "priority": 75,
    "category": "US,SWEEPS,KYC",
    "status": "approved",
    "level": 4,
    "date_added": 45995.75,
    "bonus_code": "",
    "bonus_description": "ð° CasinoClick: instant play, smooth access.",
    "icon_url": "https://www.google.com/s2/favicons?sz=256&domain=tracker.gemified.io",
    "resolved_domain": "tracker.gemified.io",
    "redemption_speed": "Pending",
    "redemption_minimum": "Pending",
    "redemption_type": "Pending",
    "__EMPTY": "",
    "__EMPTY_1": ""
  },
  {
    "name": "NoLimitCoins",
    "affiliate_url": "https://tracker.gemified.io/r/y1scHuqaqHCV/686e50bf3b003fb569e37506",
    "priority": 75,
    "category": "US,SWEEPS,KYC",
    "status": "approved",
    "level": 4,
    "date_added": 45995.75,
    "bonus_code": "",
    "bonus_description": "ð NoLimitCoins: thrillâseeker catalog.",
    "icon_url": "https://www.google.com/s2/favicons?sz=256&domain=tracker.gemified.io",
    "resolved_domain": "tracker.gemified.io",
    "redemption_speed": "Pending",
    "redemption_minimum": "Pending",
    "redemption_type": "Pending",
    "__EMPTY": "",
    "__EMPTY_1": ""
  },
  {
    "name": "TaoFortune",
    "affiliate_url": "https://tracker.gemified.io/r/y1scHuqaqHCV/689dde705e73fb766f3f36f8",
    "priority": 75,
    "category": "US,SWEEPS,KYC",
    "status": "approved",
    "level": 4,
    "date_added": 45995.75,
    "bonus_code": "",
    "bonus_description": "ð TaoFortune: effortless sweeps experience.",
    "icon_url": "https://www.google.com/s2/favicons?sz=256&domain=tracker.gemified.io",
    "resolved_domain": "tracker.gemified.io",
    "redemption_speed": "Pending",
    "redemption_minimum": "Pending",
    "redemption_type": "Pending",
    "__EMPTY": "",
    "__EMPTY_1": ""
  },
  {
    "name": "FortuneWheelz",
    "affiliate_url": "https://tracker.gemified.io/r/y1scHuqaqHCV/689dde705e73fb766f3f36f8",
    "priority": 75,
    "category": "US,SWEEPS,KYC",
    "status": "approved",
    "level": 4,
    "date_added": 45995.75,
    "bonus_code": "",
    "bonus_description": "ð FortuneWheelz: curated sweeps experience.",
    "icon_url": "https://www.google.com/s2/favicons?sz=256&domain=tracker.gemified.io",
    "resolved_domain": "tracker.gemified.io",
    "redemption_speed": "Pending",
    "redemption_minimum": "Pending",
    "redemption_type": "Pending",
    "__EMPTY": "",
    "__EMPTY_1": ""
  },
  {
    "name": "Thrillzz",
    "affiliate_url": "https://tracker.gemified.io/r/y1scHuqaqHCV/689dde705e73fb766f3f36f9",
    "priority": 75,
    "category": "US,SWEEPS,KYC",
    "status": "approved",
    "level": 4,
    "date_added": 45995.75,
    "bonus_code": "",
    "bonus_description": "ð¥ Thrillzz: hyped sweeps play.",
    "icon_url": "https://www.google.com/s2/favicons?sz=256&domain=tracker.gemified.io",
    "resolved_domain": "tracker.gemified.io",
    "redemption_speed": "Pending",
    "redemption_minimum": "Pending",
    "redemption_type": "Pending",
    "__EMPTY": "",
    "__EMPTY_1": ""
  },
  {
    "name": "Cazino",
    "affiliate_url": "https://tracker.gemified.io/r/y1scHuqaqHCV/689dde705e73fb766f3f36fa",
    "priority": 75,
    "category": "US,SWEEPS,KYC",
    "status": "approved",
    "level": 4,
    "date_added": 45995.75,
    "bonus_code": "",
    "bonus_description": "ð° Cazino: accessible sweeps hub.",
    "icon_url": "https://www.google.com/s2/favicons?sz=256&domain=tracker.gemified.io",
    "resolved_domain": "tracker.gemified.io",
    "redemption_speed": "Pending",
    "redemption_minimum": "Pending",
    "redemption_type": "Pending",
    "__EMPTY": "",
    "__EMPTY_1": ""
  },
  {
    "name": "SmilesCasino",
    "affiliate_url": "https://tracker.gemified.io/r/y1scHuqaqHCV/689dde705e73fb766f3f36fb",
    "priority": 75,
    "category": "US,SWEEPS,KYC",
    "status": "approved",
    "level": 4,
    "date_added": 45995.75,
    "bonus_code": "",
    "bonus_description": "ð SmilesCasino: friendly sweeps play.",
    "icon_url": "https://www.google.com/s2/favicons?sz=256&domain=tracker.gemified.io",
    "resolved_domain": "tracker.gemified.io",
    "redemption_speed": "Pending",
    "redemption_minimum": "Pending",
    "redemption_type": "Pending",
    "__EMPTY": "",
    "__EMPTY_1": ""
  },
  {
    "name": "FunzCity",
    "affiliate_url": "https://referral.sweepsflow.com/?r=FUNZCITY",
    "priority": 100,
    "category": "US,SWEEPS,TOP_PICK,KYC",
    "status": "approved",
    "level": 5,
    "date_added": 45995.75,
    "bonus_code": "",
    "bonus_description": "ð¡ FunzCity: verified sweeps hub.",
    "icon_url": "https://www.google.com/s2/favicons?sz=256&domain=funzcity.com",
    "resolved_domain": "funzcity.com",
    "redemption_speed": "Pending",
    "redemption_minimum": "Pending",
    "redemption_type": "Pending",
    "__EMPTY": "",
    "__EMPTY_1": ""
  },
  {
    "name": "HelloMillions",
    "affiliate_url": "https://referral.sweepsflow.com/?r=HELLOMILLIONS",
    "priority": 100,
    "category": "US,SWEEPS,TOP_PICK,KYC",
    "status": "approved",
    "level": 5,
    "date_added": 45995.75,
    "bonus_code": "",
    "bonus_description": "ð¬ HelloMillions: daily sweeps offers.",
    "icon_url": "https://www.google.com/s2/favicons?sz=256&domain=hellomillions.com",
    "resolved_domain": "hellomillions.com",
    "redemption_speed": "Pending",
    "redemption_minimum": "Pending",
    "redemption_type": "Pending",
    "__EMPTY": "",
    "__EMPTY_1": ""
  },
  {
    "name": "LoneStar",
    "affiliate_url": "https://referral.sweepsflow.com/?r=LONESTAR",
    "priority": 100,
    "category": "US,SWEEPS,TOP_PICK,KYC",
    "status": "approved",
    "level": 5,
    "date_added": 45995.75,
    "bonus_code": "",
    "bonus_description": "ð¤  LoneStar Casino: Texas sweeps hub.",
    "icon_url": "https://www.google.com/s2/favicons?sz=256&domain=lonestarcasino.com",
    "resolved_domain": "lonestarcasino.com",
    "redemption_speed": "Pending",
    "redemption_minimum": "Pending",
    "redemption_type": "Pending",
    "__EMPTY": "",
    "__EMPTY_1": ""
  },
  {
    "name": "LuckyStake",
    "affiliate_url": "https://referral.sweepsflow.com/?r=LUCKYSTAKE",
    "priority": 100,
    "category": "US,SWEEPS,TOP_PICK,KYC",
    "status": "approved",
    "level": 5,
    "date_added": 45995.75,
    "bonus_code": "",
    "bonus_description": "ð LuckyStake: verified sweeps play.",
    "icon_url": "https://www.google.com/s2/favicons?sz=256&domain=luckystake.com",
    "resolved_domain": "luckystake.com",
    "redemption_speed": "Pending",
    "redemption_minimum": "Pending",
    "redemption_type": "Pending",
    "__EMPTY": "",
    "__EMPTY_1": ""
  },
  {
    "name": "MegaFrenzy",
    "affiliate_url": "https://referral.sweepsflow.com/?r=MEGAFRENZY",
    "priority": 100,
    "category": "US,SWEEPS,TOP_PICK,KYC",
    "status": "approved",
    "level": 5,
    "date_added": 45995.75,
    "bonus_code": "",
    "bonus_description": "ð MegaFrenzy: hyped sweeps hub.",
    "icon_url": "https://www.google.com/s2/favicons?sz=256&domain=megafrenzy.com",
    "resolved_domain": "megafrenzy.com",
    "redemption_speed": "Pending",
    "redemption_minimum": "Pending",
    "redemption_type": "Pending",
    "__EMPTY": "",
    "__EMPTY_1": ""
  },
  {
    "name": "PlayFame",
    "affiliate_url": "https://referral.sweepsflow.com/?r=PLAYFAME",
    "priority": 100,
    "category": "US,SWEEPS,TOP_PICK,KYC",
    "status": "approved",
    "level": 5,
    "date_added": 45995.75,
    "bonus_code": "",
    "bonus_description": "â­ PlayFame: sweeps entertainment.",
    "icon_url": "https://www.google.com/s2/favicons?sz=256&domain=playfame.com",
    "resolved_domain": "playfame.com",
    "redemption_speed": "Pending",
    "redemption_minimum": "Pending",
    "redemption_type": "Pending",
    "__EMPTY": "",
    "__EMPTY_1": ""
  },
  {
    "name": "EpicSweeps",
    "affiliate_url": "https://epicsweep.us?ref=2462_thetylo88",
    "priority": 100,
    "category": "US,SWEEPS,TOP_PICK,KYC",
    "status": "approved",
    "level": 5,
    "date_added": 45995.75,
    "bonus_code": "",
    "bonus_description": "ð¥ EpicSweeps: GambleCodez verified.",
    "icon_url": "https://www.google.com/s2/favicons?sz=256&domain=epicsweep.us",
    "resolved_domain": "epicsweep.us",
    "redemption_speed": "Pending",
    "redemption_minimum": "Pending",
    "redemption_type": "Pending",
    "__EMPTY": "",
    "__EMPTY_1": ""
  },
  {
    "name": "Stackr",
    "affiliate_url": "https://stackr.com/?ref=GambleCodez",
    "priority": 100,
    "category": "US,SWEEPS,TOP_PICK,KYC,INSTANT",
    "status": "approved",
    "level": 5,
    "date_added": 45995.75,
    "bonus_code": "",
    "bonus_description": "â¡ Stackr: instant sweeps hub.",
    "icon_url": "https://www.google.com/s2/favicons?sz=256&domain=stackr.com",
    "resolved_domain": "stackr.com",
    "redemption_speed": "Instant",
    "redemption_minimum": 100,
    "redemption_type": "Debit",
    "__EMPTY": "",
    "__EMPTY_1": ""
  },
  {
    "name": "JacksClub",
    "affiliate_url": "https://jacksclub.io?r=gamblecodez",
    "priority": 100,
    "category": "US,SWEEPS,TOP_PICK,KYC,INSTANT",
    "status": "approved",
    "level": 5,
    "date_added": 45995.75,
    "bonus_code": "",
    "bonus_description": "ð° JacksClub: GambleCodez referral.",
    "icon_url": "https://www.google.com/s2/favicons?sz=256&domain=jacksclub.io",
    "resolved_domain": "jacksclub.io",
    "redemption_speed": "Instant",
    "redemption_minimum": 10,
    "redemption_type": "Crypto",
    "__EMPTY": "",
    "__EMPTY_1": ""
  },
  {
    "name": "Shock",
    "affiliate_url": "https://www.shock.com/?r=gamblecodez",
    "priority": 100,
    "category": "NONUS,CRYPTO,INSTANT",
    "status": "approved",
    "level": 5,
    "date_added": 45995.75,
    "bonus_code": "",
    "bonus_description": "â¡ Shock: instant crypto hub.",
    "icon_url": "https://www.google.com/s2/favicons?sz=256&domain=shock.com",
    "resolved_domain": "shock.com",
    "redemption_speed": "Instant",
    "redemption_minimum": "Pending",
    "redemption_type": "Crypto",
    "__EMPTY": "",
    "__EMPTY_1": ""
  },
  {
    "name": "NutsGG",
    "affiliate_url": "https://nuts.gg/play/GambleCodez",
    "priority": 100,
    "category": "NONUS,CRYPTO,INSTANT",
    "status": "approved",
    "level": 5,
    "date_added": 45995.75,
    "bonus_code": "",
    "bonus_description": "ð¥ NutsGG: instant crypto play.",
    "icon_url": "https://www.google.com/s2/favicons?sz=256&domain=nuts.gg",
    "resolved_domain": "nuts.gg",
    "redemption_speed": "Instant",
    "redemption_minimum": "Pending",
    "redemption_type": "Crypto",
    "__EMPTY": "",
    "__EMPTY_1": ""
  },
  {
    "name": "Duel",
    "affiliate_url": "https://duel.com/r/GambleCodez",
    "priority": 100,
    "category": "NONUS,CRYPTO,INSTANT",
    "status": "approved",
    "level": 5,
    "date_added": 45995.75,
    "bonus_code": "",
    "bonus_description": "âï¸ Duel: instant crypto play.",
    "icon_url": "https://www.google.com/s2/favicons?sz=256&domain=duel.com",
    "resolved_domain": "duel.com",
    "redemption_speed": "Instant",
    "redemption_minimum": "Pending",
    "redemption_type": "Crypto",
    "__EMPTY": "",
    "__EMPTY_1": ""
  },
  {
    "name": "Shuffle.us",
    "affiliate_url": "https://shuffle.us?r=GambleCodez",
    "priority": 100,
    "category": "NONUS,CRYPTO,INSTANT",
    "status": "approved",
    "level": 5,
    "date_added": 45995.75,
    "bonus_code": "",
    "bonus_description": "ð Shuffle.us: instant crypto hub.",
    "icon_url": "https://www.google.com/s2/favicons?sz=256&domain=shuffle.us",
    "resolved_domain": "shuffle.us",
    "redemption_speed": "Instant",
    "redemption_minimum": 100,
    "redemption_type": "Crypto",
    "__EMPTY": "",
    "__EMPTY_1": ""
  },
  {
    "name": "CasinoCluck",
    "affiliate_url": "https://casinocluck.com/?r=GambleCodez",
    "priority": 75,
    "category": "US,SWEEPS",
    "status": "approved",
    "level": 3,
    "date_added": 45995.75,
    "bonus_code": "",
    "bonus_description": "ð CasinoCluck: casual sweeps play.",
    "icon_url": "https://www.google.com/s2/favicons?sz=256&domain=casinocluck.com",
    "resolved_domain": "casinocluck.com",
    "redemption_speed": "Pending",
    "redemption_minimum": "Pending",
    "redemption_type": "Pending",
    "__EMPTY": "",
    "__EMPTY_1": ""
  },
  {
    "name": "Yabby",
    "affiliate_url": "https://yabbycasino.com/?r=GambleCodez",
    "priority": 100,
    "category": "NONUS,CRYPTO,INSTANT,TOP_PICK",
    "status": "approved",
    "level": 5,
    "date_added": 45999.75,
    "bonus_code": "",
    "bonus_description": "ð Crypto sweeps: hyped promos, GambleCodez verified.",
    "icon_url": "https://www.google.com/s2/favicons?sz=256&domain=yabbycasino.com",
    "resolved_domain": "yabbycasino.com",
    "redemption_speed": "Instant",
    "redemption_minimum": 50,
    "redemption_type": "Crypto",
    "__EMPTY": "",
    "__EMPTY_1": ""
  }
  {
  "name": "LuckyBird",
  "affiliate_url": "https://luckybird.io",
  "priority": 0,
  "category": "BLACKLIST",
  "status": "blacklisted",
  "level": 1,
  "date_added": 45995.75,
  "bonus_code": "",
  "bonus_description": "⚠️ Blacklisted: exit scam, unsafe balances.",
  "icon_url": "https://www.google.com/s2/favicons?sz=256&domain=luckybird.io",
  "resolved_domain": "luckybird.io",
  "redemption_speed": "Pending",
  "redemption_minimum": "Pending",
  "redemption_type": "Pending"
},
{
  "name": "BankRolla",
  "affiliate_url": "https://bankrolla.com",
  "priority": 0,
  "category": "BLACKLIST",
  "status": "blacklisted",
  "level": 1,
  "date_added": 45995.75,
  "bonus_code": "",
  "bonus_description": "⚠️ Blacklisted: payout & trust reports — do not promote.",
  "icon_url": "https://www.google.com/s2/favicons?sz=256&domain=bankrolla.com",
  "resolved_domain": "bankrolla.com",
  "redemption_speed": "Pending",
  "redemption_minimum": "Pending",
  "redemption_type": "Pending"
},
{
  "name": "BC.GAME",
  "affiliate_url": "https://bc.game",
  "priority": 0,
  "category": "BLACKLIST",
  "status": "blacklisted",
  "level": 1,
  "date_added": 45978.75,
  "bonus_code": "",
  "bonus_description": "⚠️ Blacklisted: payout & trust reports.",
  "icon_url": "https://www.google.com/s2/favicons?sz=256&domain=bc.game",
  "resolved_domain": "bc.game",
  "redemption_speed": "Pending",
  "redemption_minimum": "Pending",
  "redemption_type": "Pending"
},
{
  "name": "bcgame.us",
  "affiliate_url": "https://bcgame.us",
  "priority": 0,
  "category": "BLACKLIST",
  "status": "blacklisted",
  "level": 1,
  "date_added": 45978.75,
  "bonus_code": "",
  "bonus_description": "⚠️ Blacklisted: payout & trust reports.",
  "icon_url": "https://www.google.com/s2/favicons?sz=256&domain=bcgame.us",
  "resolved_domain": "bcgame.us",
  "redemption_speed": "Pending",
  "redemption_minimum": "Pending",
  "redemption_type": "Pending"
},
{
  "name": "Betzed",
  "affiliate_url": "https://betzed.com",
  "priority": 0,
  "category": "BLACKLIST",
  "status": "blacklisted",
  "level": 1,
  "date_added": 45978.75,
  "bonus_code": "",
  "bonus_description": "⚠️ Blacklisted: payout & reliability complaints.",
  "icon_url": "https://www.google.com/s2/favicons?sz=256&domain=betzed.com",
  "resolved_domain": "betzed.com",
  "redemption_speed": "Pending",
  "redemption_minimum": "Pending",
  "redemption_type": "Pending"
},
{
  "name": "BetUS",
  "affiliate_url": "https://betus.com",
  "priority": 0,
  "category": "BLACKLIST",
  "status": "blacklisted",
  "level": 1,
  "date_added": 45978.75,
  "bonus_code": "",
  "bonus_description": "⚠️ Blacklisted: community payout reports.",
  "icon_url": "https://www.google.com/s2/favicons?sz=256&domain=betus.com",
  "resolved_domain": "betus.com",
  "redemption_speed": "Pending",
  "redemption_minimum": "Pending",
  "redemption_type": "Pending"
},
{
  "name": "Cool Cat",
  "affiliate_url": "https://coolcat.io",
  "priority": 0,
  "category": "BLACKLIST",
  "status": "blacklisted",
  "level": 1,
  "date_added": 45978.75,
  "bonus_code": "",
  "bonus_description": "⚠️ Blacklisted: withdrawal delay reports.",
  "icon_url": "https://www.google.com/s2/favicons?sz=256&domain=coolcat.io",
  "resolved_domain": "coolcat.io",
  "redemption_speed": "Pending",
  "redemption_minimum": "Pending",
  "redemption_type": "Pending"
},
{
  "name": "Liberty Slots",
  "affiliate_url": "https://libertyslots.com",
  "priority": 0,
  "category": "BLACKLIST",
  "status": "blacklisted",
  "level": 1,
  "date_added": 45978.75,
  "bonus_code": "",
  "bonus_description": "⚠️ Blacklisted: licensing & payout concerns.",
  "icon_url": "https://www.google.com/s2/favicons?sz=256&domain=libertyslots.com",
  "resolved_domain": "libertyslots.com",
  "redemption_speed": "Pending",
  "redemption_minimum": "Pending",
  "redemption_type": "Pending"
},
{
  "name": "Winz.io",
  "affiliate_url": "https://winz.io",
  "priority": 0,
  "category": "BLACKLIST",
  "status": "blacklisted",
  "level": 1,
  "date_added": 45984.75,
  "bonus_code": "",
  "bonus_description": "⚠️ Blacklisted: rogue crypto casino, payout complaints.",
  "icon_url": "https://www.google.com/s2/favicons?sz=256&domain=winz.io",
  "resolved_domain": "winz.io",
  "redemption_speed": "Pending",
  "redemption_minimum": "Pending",
  "redemption_type": "Pending"
},
{
  "name": "TrueFlip",
  "affiliate_url": "https://trueflip.com",
  "priority": 0,
  "category": "BLACKLIST",
  "status": "blacklisted",
  "level": 1,
  "date_added": 45984.75,
  "bonus_code": "",
  "bonus_description": "⚠️ Blacklisted: rogue crypto casino, trust issues.",
  "icon_url": "https://www.google.com/s2/favicons?sz=256&domain=trueflip.com",
  "resolved_domain": "trueflip.com",
  "redemption_speed": "Pending",
  "redemption_minimum": "Pending",
  "redemption_type": "Pending"
},
{
  "name": "Sweepto",
  "affiliate_url": "https://sweepto.com",
  "priority": 0,
  "category": "BLACKLIST",
  "status": "blacklisted",
  "level": 1,
  "date_added": 45984.75,
  "bonus_code": "",
  "bonus_description": "⚠️ Blacklisted: scam sweeps site, rogue activity.",
  "icon_url": "https://www.google.com/s2/favicons?sz=256&domain=sweepto.com",
  "resolved_domain": "sweepto.com",
  "redemption_speed": "Pending",
  "redemption_minimum": "Pending",
  "redemption_type": "Pending"
},
{
  "name": "Sweetspins",
  "affiliate_url": "https://sweetspins.com",
  "priority": 0,
  "category": "BLACKLIST",
  "status": "blacklisted",
  "level": 1,
  "date_added": 45984.75,
  "bonus_code": "",
  "bonus_description": "⚠️ Blacklisted: scam sweeps site, rogue activity.",
  "icon_url": "https://www.google.com/s2/favicons?sz=256&domain=sweetspins.com",
  "resolved_domain": "sweetspins.com",
  "redemption_speed": "Pending",
  "redemption_minimum": "Pending",
  "redemption_type": "Pending"
}
]
